[{"song_name":"rockstar (feat. 21 Savage)","song_artist":"Post Malone"},{"song_name":"Deep Down","song_artist":"Zhavia Ward"},{"song_name":"Timeless","song_artist":"James Blake"},{"song_name":"Chains","song_artist":"Nick Jonas"},{"song_name":"Just Say When (Version 2.0)","song_artist":"Nothing More"},{"song_name":"Disrespectful","song_artist":"GASHI"},{"song_name":"Tu No Eres Ganga","song_artist":"Lito Kirino"},{"song_name":"Echo","song_artist":"Incubus"},{"song_name":"Behind - Callea Radio Mix","song_artist":"Flanders"},{"song_name":"Always","song_artist":"Gavin James"},{"song_name":"rockstar (feat. 21 Savage)","song_artist":"Post Malone"}]